No,Contents,Label
1,"ڷγ  ȸ  ... ̻ȭ Ҽ, Ʈ , ޹ , Ÿ B , C, D, K2, ۷ŸƼ, ɸƾ, ƿ, MSM, , L ׾ƴ,    , ̹ƾ,   or  ܹ, õ ұ, ŷ Ҵ  ",Fake
2,covid19criticalcare.com/treatment-protocols/i-recover-long-covid-treatment/ FLCCC ڷγ   ġ ֽϴ.,Fake
3,"ٵ ƽð    ڷγ ̷  , 1.   İ,    ԰   󱼿  ʴ´. 2. KF94 ũ Ѵ. 3. ǽ      Ǽҿ Ѵ 4.      ﰣ.",Real
4,*ڷγ ̷ *  7  ܼ ߰ μ  7() װ 5а δ. 1 3ȸ ѽǬ 1ϰ Ѵ   Ǽ    񰨱 Ǫ ϴ  ġȴ (/),Fake
5,ȯο û  ڷγ̷   ɼ ϱ  ش ̷  ɼ ִ ߱ ߻    մϴ. https://bit.ly/2O6e6zV,Real
6,ڷγųӴ.. ڵ¸ȿִ°ǵ׶? ̰Ÿ ڷγ̷쿩༭ ݹġôϳ׿..,Fake
7,߱  ڷγ  ȭ ϼִٴ ҹ ܼ  ƴ϶  Ƿν ɼ °Ͱ ,Fake
8,"ε ""ǽİ Բ Ҷ  ߶"" ",Fake
9,߱ ڷγ ڡ ! ɸ?ü! https://issuecollector.com/%ec%a4%91%ea%b5%ad-%ec%bd%94%eb%a1%9c%eb%82%98-%ec%82%ac%eb%a7%9d%ec%9e%90-%ea%b8%89%ec%a6%9d%ec%99%b8%ec%b6%9c%ea%b8%88%ec%a7%80%eb%a0%b9-%ea%b1%b8%eb%a6%ac%eb%a9%b4/,Fake
10,"BBC "" ڷγ 'θ '  ̱ "" |   ",Fake
11,̱   ȭ  ̷   ̷ ̱   ̿ ߱ Ʈ ɼ ũٰ ,Fake
12, WHO(躸Ǳⱸ)  ڷγ̷ ĸĪ COVID-19(̵̾-ϱ) ǥ߽ϴ. ̿ δ ̹  ڷγ19(ϱ) ϱ ߽ϴ.,Real
13,https://youtu.be/jNlcMWv2MrM  ̱  ʾƼ    Ǵ  󸶳  ˼    ϴٰ . ̱   ڰ   ϴµ   ٰ Ѵ. 13.5޷ 750޷ ø ̽ ׸ Ÿ ,Fake
14,վı '(do-it-yourself vaccine)'̶ θ ŭ  ȿ  .,Real
15,"#  2.20() ڷγ19 ȸ ʿ   Ȯ  ġ  Ǽ, , Ƿ  üȭ Ǹ   ȭմϴ.",Real
16,յİ ۵ ϰ ڿ ٸ 13ȸ  ϰ  õϿ  Ͽ ¥  ̷  ϴ.,Fake
17,"[] 뵿Ź ڷγ19, ǰ   ɼ (ó :  .. | α) https://m.blog.naver.com/hwang135/221820664892",Fake
18,ڷγ ̷ ̻ȭҼhttps://band.us/band/62926765/post/4825,Fake
19,'ڷγ19' ǽɵǸ顤   '1339 Ű' ,Real
20,"""ڷγ 19 ͡ε ĵ  ִٴ  ""  ȵ!!!!!!!!!!!! http://newspic.kr/view.html?nid=2020022512153357973&pn=115&cp=b3Khd93q&utm_source=adpick&utm_medium=affiliate&_code=5456730x158261620376#_enliple",Fake
21,"""ڷγ19 ܰ˻簡 ΰ?"" ǻ Ұ߿  ̶ Դϴ! ܰ˻    ޴ κδ  ʽϴ.",Real
22,CDC ڷγ ̷  ũ    ִ  ϶ ̵ ´µ   ̷  ̾ ,Fake
23,">>>ڷγ19 ڰܹ<<< #RTŹ #rtŹ   ̽ 10 ̻  . ħ, ,   Ϸ ϽŴٸ   ٴ Դϴ.   ʾҴٴ Դϴ.",Fake
24,Ҿƹ 15и  ѹ ø Ծ ̷   꿡    ż ڷγ ϶  ī ޾Ҵ..,Fake
25, ũ   ϳ ˷ 帱. ڷγ  ϴ ߰ſ  ŹϽ  30    ż   ڿܼ ߵ   ˴ϴ.,Fake
26,", , Ÿ C,  , ݷ̵ Ǵ ׷̵尡 ڷγ ̷ شٴ Ŵ .",Real
27,[Ϻ] ̶ Ҷ ְ ɰ ڷγ ̷   ɼ  http://jajuminbo.com/1875,Fake
28,"ڶ ϼ ڷγ ȸ-ڶ  ȸϳ ڶ  ϸ忡  ϼ,   ȿ ִ       Ÿ    ϴ.  Ӽ  ּ̽ϴ ----------",Fake
29,"̶ ڷγ ̷ ߱, ̶    ɼ  http://jajuminbo.com/1862",Fake
30,"""ϴ ð پ ޵ پ ϳ?"" ڷγ19   Ϲ ӱݻ谨 Դϴ.",Real
31,̷   꿡  ̷ װ ˴ϴ.,Fake
32," ڵ ڷγ ̷  ġ ϰִ, װ   https://foreignpolicy.com/2020/03/09/hindu-nationalists-magical-remedies-coronavirus-bjp-india/",Fake
33,"WHO, ڷγ19   ",Real
34,"Ż ǻȸ, ڷγ19   ",Real
35,"'ظ' ٴϿ Ŭ, ڷγ19 ӿ ""ǳ ĺ ׷""",Real
36,̱ Ϸ尡 ڷγ19  14Ϻ ̴   ݱ ߽ϴ. #KBS #KBS,Real
37,Żƿ ڷγ19   õ  Ѿϴ. #KBS #KBS,Real
38, ؿ  Ư糭   ʰ ϴ. ̹  뱸 ⸦    غϷ   ֽϴ. ,Real
39,"ȣ, ڷγ Ŀ ڽ  ȣ ` ٲ`  http://news.zum.com/sns/article?id=0962020031558791584&cm=share_twitter&tm=1584287030535",Fake
40,δ б     (17) ǥմϴ. #KBS #KBS http://youtu.be/t3jYphYyBOc,Real
41,#WHO #ī崺  ߰ſ   Ѵٰ ڷγ19   .  鿡 Ĵ  ڷγ ̷ ϴµ  ˴ϴ. ٸ ߰ſ  Ѵٰ  ȿ  ƴմϴ. ȭ  ֽϴ.,Real
42,ȫῡ  ڷγ 缺....,Fake
43,ȫῡ ڷγ ̷ ɷȴ  ׾ٴ ҽԴϴ. ׷ ֵ ʹ Ҿ ʿ ٴ   ֽϴ. ,Fake
44,"ڷγ ̷    ޶ٴ  ACE2 ü ε, ̺ ҿ  ü  , ̷  Ȯ  ",Fake
45,3.22.()  Ա  ˿  ȭ ,Real
46,ڷγ ʱ WHO  ϴٰ ߴ,Fake
47,3.22. 4.5. 15ϰ   '#ȸ_Ÿα' õ  ʿմϴ.,Real
48,ڷγ ̷  :  ȸ 1 ū  ȣ  1 ū  1   ϰ ýʽÿ. ,Fake
49,ڷγ19     ȲԴϴ. ұԸ ܰ ؿ Ա   ߻ 츮 ̵ Ű  ʡߡ ¶  ǽմϴ.,Real
50,ڷγ ڰ ܹ  ũ ̸ð 10 ƺ⵵ ִٰϴ~ ҾϽø غô ͵   ƿ~  Ͻ  ŰŴϱ,Fake
51,ħ µ Ȯ 0 ?̶ ؼ  Ҹ ϰ ϱ ũ޴Ͻź ڷγ  ص  ư 0̶;;;;,Fake
52,ڷγ19  ̰ ִ Ƿ ȦѴٴ Ϻ   ƴ ˷帳ϴ. #ڷγ19_Ƿ #Ƿ_ #ڷγ_ #Ƿ_ȣ #Ƿ_ع #ܰ˻,Real
53,"[#ڷγ19_̽] ܱο  ڷγ19   ġ  츮  ǰ ȣϱ ̸, ܱο ġ  ϴ  츮̶ Ϻ   ƴ ˷帳ϴ.",Real
54,ڷγ19   ó ҵ Ȱ   ʻȰ      4  Һ մϴ.,Real
55,1. ڷγ ݼ  2. þư  500 Ǯ   ,Fake
56,'븸 '  ħ  ڷγ ̷ θ üũ  ִ   ߽ϴ.   ̽ 10 ̻   .  12P Ʈ - Ҹ2P+Ʈ2P+ñġ2P+ձ۷2P+2P+޹2P http://tinagift.kr/shop/prd_view.php?prdcode=165791&catcode=&brand=&page=1,Fake
57, ڷγ ̸ .,Fake
58,"??ڷγ19 Ʈüũ Ѽ ٰ ȯ ߻  ̷, ǵ ˻縦 Ѵٴ   ƴմϴ. 濪籹-  ŷڸ Ѽϴ   ɴ  ǥϴ Դϴ.",Real
59,츮 ˴ װ ƴϴ١    巯 üӺ ڷγ   ſ  ӱ׸ Τ Sp... https://youtu.be/pYGeWO26DOo via ,Fake
60,ɸ İ ڷγ ٴ,Fake
61,Į  ڷγ ̷ Ǵ ٸ ̷ / ׸ư ԵǾ     ø ü Į Ͽ ̷ Ǵ  ׷ ü Ƴ  ϴ,Fake
62,(1)  RO Ǵ ⿡  Į ʸ ְ 10.30 ph (TDS )  ϰ   Ͽ   丮Ͻʽÿ.,Fake
63," ܿ  ȵ湮 Ư   ڷγ  , Ʈ̺ '근' ΰ͵ . Ȳû ǿ",Fake
64,ϱ >>http://naver.me/xay97bBp #ڷγ #ڷγ̷ #COVID #̷ # # #̷ #վ #⿹ # #̷ #Ͻƽ #ƽ #Ű #ȭ #ݷ # #̻ȭ #̻ȭҽƽ #̻ȭҸ #պĿ,Fake
65, п 󸮾ƾ Ŭη ڷγ ̷ ȿ ִٰ . https://elwatan.com/a-la-une/les-medecins-de-boufarik-et-del-kettar-satisfaits-la-chloroquine-a-montre-son-efficacite-26-04-2020,Fake
66,ٿȯڷγ 㿡   ƴϰ  ׷ ؼ ȯ̷ҿ ٴ  Ϻ ٽ ȥɹڻ ,Fake
67,"??Ŭ  ü   ް  (5.8. 20:00 ~ 6.7.) ??ڷγ19 ȸ ߻  , ָ ¾    ",Real
68,  θ 'û' °    ȭϰڴٰ .,Real
69,"?? ¿  Ŭ , 5 10 12   54 Ȯ ??ڷγ19 ȸ ߻  , ָ ¾    ",Real
70,"ٸ ħ ""Ʈ ڷγ19  Ӽ"" |  ",Fake
71,3      ù   ڷγ19 Ư     Ҿ ū ȲԴϴ. 츮  кθ  л ǰ о 縳  ֵ ϻ󿡼 Ȱ  Ÿ α⸦ ȭ ּ!,Real
72,"谭 Ǻ , 躸Ǳⱸ(WHO) ̻ ",Real
73,  Ǽҿ ġڰ  Ż ǿ.  ü ź    ȸ ٷ   Ŵϱ. Ư ȸ ǻ ߾ Դϴ. ڷγ Ӽå  躼   ƴϱ. https://youtu.be/nDMR7MUYs4Y,Fake
74,"Ϻ  ǰ ȥ ٽ  ̷ ߴٴ ̴ϴ. ""ڷγ19 ߱ ΰ  ̷"" ڽ "" ҿ 4  ߴµ,       ߴ"" ""   巯 뺧 öȸص ȴ"" https://news.v.daum.net/v/20200525211425249",Fake
75,̵ϽŬη ϸ ڷγ19 ̷ ͷ ȴٴ ̷п ٰ ȭڷ ??,Fake
76,"'3'  氢  , ڷγ19 , ,  ü   Ű ֽϴ. '3'  ,  ̵  ִٴ ν ֽñ ٶϴ.",Real
77,Ը(QRڵ)  濪 ġ ȭմϴ.,Real
78,Ӹ ڷγ ̷  ϴٴ .,Fake
79,"GMO Ʈ ȭм ع лüĨ 5G.. ϰ η뷮л,  , η뿹踦 ޲ٴ н ΰ Ǹں ൿ ",Fake
80,"Ӹ, ڷγ   ɸ (ó : Ϻ | ̹ ) http://naver.me/G85UCynj ",Fake
81,"濪籹   Ÿ α, ũ   ⺻ 濪 Ģ  ѵ  ڷγ̷ (ڷγ19) 濡 ū ȿ ŵ  ִٴ   ϸ鼭 Ģ ؼ ߽ϴ.",Real
82," м ¿  Ÿ 1m   82%, ũ   85%, ڷγ19  Ѵٰ ǥϿϴ.",Real
83,WHO ڷγ19     ,Fake
84,[ڷγ19 Ʈüũ] ΰ 'ӽûȰü 濪ü  ܰ   ̷'  ǰ ٸϴ. #ο_ϻ #ο_ #Բؿ #Ȱ__Ÿ_α #Ǻ #,Real
85,"ڿܼ   ڷγ ̷ ´ ü   ڿܼ, ڷγ ̷ 99.9%  ",Fake
86,"ڷγ19   ȯҵ   ùٸ ҵ ҵ  Ȯϰ ֱ, ϰ ҵϴ  ߿մϴ. ",Real
87,"ڷγ19  迡   ݳ  1õ  Ȯ, 50  ڰ ߻߽ϴ.",Real
88,ڷγ19    Ѿ   ٷ #ũ ε! ùٸ ũ  ڷγ19    ִϴ! ,Real
89,ī ľ߳ ҿ ڷγ 缺    ŰƮ   ִ. ,Fake
90,δ ȸ ü Կ  ӡ   ٽ 濪Ģ ؼؾմϴ.(7.10. 18ú),Real
91,"#ڷγ19 Ȯ ֿ  м  ߿, ȣ  ܿ , ,   پ  ȮεǾϴ.",Real
92,Ʈ   ̱͡     ϳ ,Fake
93,"1g Ծ ڷγ  15%  ֿ ߡ, ڷγ ġ ߰ ߴ δ٢ http://chosun.com/tw/?id=biz*2020072102606 #õα # #õαȸ",Fake
94,̷ ϸ 30  ڷγ ˻簡 ϴٰ Ѵ...̽ https://afpbb.com/articles/-/3295459,Fake
95,ڷγ  . 1. ΰ DNA  ̸ ߱Ѵ. 2. ſ ũ Ĩ Ͽ   Ϸ Ѵ.    ſ ع Ͽ ġ  ϴ ̴.   ׷  Ͱ.,Fake
96,̴>Ŀ´Ƽ > ̽ Խ > []ڷγ ̷ ߱ ΰ    Ⱑ ´µ.. http://gasengi.com/main/board.php?bo_table=commu06&wr_id=1282086,Fake
97, ڷγ ߱  ȭ  Ȯεƴ,Fake
98,̱  ȫǴ  ڻ  ڷγ ߱ ιع決  й .,Fake
99,"̴  ɸ٣, ڷγ19     Ʈ   (ó : JTBC | ̹ ) http://naver.me/FIrE9Uq4",Real
100,"""Ÿ  ԰ ڷγ19 ġ?"" ",Fake
101,ٵ ˰ ڷγ  ݾ  ϰִ ׸ƶŴ. ,Fake
102,[ó] ź ϸ ڷγ ´? (ó : մ | ̹ ) http://naver.me/GeYRylx3,Fake
103,WHO  TikTok   '' BGM  ڷγ19 Ȯ   ȫ  ߴµ ܼ 3 䰡 Ѵ ȸ ϸ   Ƽ ߰ſ ȣ ,Real
104," ߾ӹ濪å ""Ϻ ΰ û Ȯ롤ȴ"", ""û ù° ̼ ڷγ19 غϴ   ϴ ""̶ ϴ.",Real
105,"2020 9 12, û  μ    ȭ  Ѱⱸ Ӱ Ͽϴ!",Real
106,"[09. 16 '20] ڷγ, ѿҿ , ν  ģ á Ŀ Ʈ   ͡ https://youtu.be/xJeGQfAqPPU ó ",Fake
107,谡 ߱ ѹ̷  ϸ ׾ ִµ ߱ ϴٴ ڷγ ߱ΰ ΰ  ȭ׷ ̷ и δ.,Fake
108, ڷγ ߻Ѱ  ҿ Դٴ ŵ Ե,Fake
109,?   ü ü  ۼ ? ̿ ߾ ƼĿ ٴ  ǥ ?濪Ģ ȳ  ǽ  ?ڷγ19  ȳ  濪 Ģ ؼ ֽ  ߾ġ е鲲 帳ϴ??,Real
110,"'վı'  ,   濪 Դϴ.  (2019,  ) , 65 ̻  1ð  22.1ȸ, Ҿƴ 45.4ȸ      Ÿϴ.",Real
111,"Ȯ ̵θ Խ  ,     ʾƾ ϸ 湮 Һ Խؾ մϴ.",Real
112,"ڷγ19  ö ߿ ȯ Ģ ؼ  -ü , ߿ܿ 2m̻ Ÿ α, ũ  -⡤ġ   , Ģ ؼ  ",Real
113,"(10.12.) Ǵ  'Ÿ α 1ܰ' 'ũ , Ÿ α,  ı'   濪Ģ ؼ  å ȭ˴ϴ",Real
114,( Ⱓ) Ȯ  Ȯڰ  ڿ  κ 14ϱ ,Real
115,"ڷγ  Ʈ, ũ   ƿԴ١ (ó : KBS | ̹ ) http://naver.me/IFwLlIT6",Real
116,??#ڷγ19  ̱     'ùٸ վı',Real
117,"񴩸 Ͽ 30 ̻, 帣  ľ ü    ֽϴ. ùٸ վı, Բ õ ּ! #Բ_ѿ #ȸ_Ÿ_α #ǰ___ȸ #û",Real
118,ġ  ߿ ־  츮  ʰ ƴϴ  ּ ϰڽϴ.,Real
119,û ڷγ ̷κ   Ѵ.,Real
120, û    Ű ΰ ڷγ ̷ 'Ȱȭ'ų  ֽϴ. https://yahoo.com/lifestyle/mouthwashes-could-inactivate-human-coronaviruses-that-cause-the-common-cold-232959144.html?soc_src=social-sh&soc_trk=tw&tsrc=twtr ó ,Fake
121,'' ڷγ19  ߵ  Ĩϴ.     ϸ ڷγ19  赵   ֽϴ.,Real
122,"ǿ  ü   ƴմϴ.   ǳ Բ ϴ Ļ, Ǯ̿ ũ  ħ       ϴ.  , 濪Ģ  ּ.",Real
123,??ȸ Ÿ α ܰ躰   濪 ġ Ӱ ڷγ19   ȸ Ÿ α ܰ踦 մϴ(11.7.~) ?? 3ܰ5ܰ ü ȭ  ,Real
124," ȿ   ũ   ð  ׸ŭ 赵 ϴ. Ȱ  , ,  ҿ ũ  ִ ð ٿּ!  , ⺻   Դϴ.",Real
125, ұԸ ܰ ̾  ߻ Ȯ  100 ̸ ؿԵ ũ  ʰ ֽϴ.,Real
126,Ϻ  ܱ ڷγ  Űٰ?,Fake
127,"?? ڷγ19 ȯ ü ̷  ⼭ ߰ м  ǥ ??ũ  ǹȭ , 11 13Ϻ   · ΰ ",Real
128,"켱  Ư濪Ⱓ(11.19.~) п, ȸ Ȱ濪 Ģ ö ,   ϰ    ְ ֽʽÿ.",Real
129,׸   30  ӱݰ  ڷγ ̷ ״´ٰ.,Fake
130,??11.18. (12 )  ֿ ߻Ȳ  -  Ƿ۾  Ȯ 14 ߰ ( Ȯ   15) -  Ƿ/Ⱦ ü  11 15  ݸ  6 ߰ ( Ȯ   165) ,Real
131, û 30   COVID-19   ִٰ    ,Fake
132,"""( û) '̷ ɲ' Ҹ ѱ ڷγ19 ҵ()  ̲. ѱ û ̲ ״,   ڷγ  긮ο ϰ (transparency and the calm) µ ǥ  ˷ ִ.""",Real
133, û   BBC  '2020  100' ̸ ÷ȴ. ѱδ ϴ.,Real
134,"??ġ    Ȳ ȳ -üġ ӻ 2/3  292 ȯ (11.23.), 17 Ƿ   -ġ ӻ 2  16 ȯ (11.23.), 12 Ƿ  ߵ ?? ܰ  м  ǻ ",Real
135,Ҷ˿ ؼ ڷγ ѴٴϤ ,Fake
136,"??ڷγ19,  ߽     , ̿ü ﰡ,   ż ˻ õ ʿ",Real
137,??ֱ ֿ ܰ  Ұ  ǻ  -ȸü  Ƿ ڵ    Ӱ ü   û -   ڿ  ǽ  ȭ  ǽ ߻  ﰢ    ˻ ġ û,Real
138,"??11 29 0 ,  ֿ ߻ Ȳ  - 빮 Ź    10 ߰ Ȯ,   Ȯ  11 -  üü    9 ߰ Ȯ,   Ȯ  10 ",Real
139,"ڷγ19  -ʿ  ϱ - ϱ -ü ϰ2m Ÿα - ڷγ ߿orȣ úǼҰ -ֺȯ ҵ,ȯ Ű",Real
140,"??ѹα   ˻ ,  ǥ Ǵ! 2016 츮   ǥؾ  ǥȭⱸ(ISO) Ͽ, 12.2. ǥ  ߰!",Real
141,"??ȸ Ÿ α ݻ(12.8. 0ú 3ְ) ?: 2ܰ  2.5ܰ ?: 1.5ܰ  2ܰ     ߰ ˴ϴ. Ӱ ̵   ܿ,   ܰ õ ʿմϴ.",Real
142,ڷγ19 ǽɵȴٸ   ˻縦 ޾ֽʽÿ. ż ˻  ĸ   ֽϴ.,Real
143,"??üġ,  ȯ  ӻ 2/3   Ϸ ??ú, 75  1,183 ȯ  Ϸ(12.8. 0 ) ?? ܰ  м  ǻ  ??Ź Ű    濪Ģ õ ",Real
144,60 ̻󿡼 ڷγ19 Ǹ 10%    ȯڽ ġḦ ް ˴ϴ.,Real
145,"? Ӱ ̵  ϰ! ? ª, ȥ  ! ?߱ ̿ ÿ ũ, Ÿ α ʼ! ?ƽ   ּ!",Real
146,-⵵ õ ⵵  Ȯ 31 ߰( Ȯ   32) ,Real
147,"1. Ӱ ȸ , ǳ ũ   ȯⰡ ʿմϴ. 2.   ö  ֽʽÿ. 3. ü ںе 濪Ģ ؼ ε帳ϴ.",Real
148,@: ɽ Ʈ ڷγ  ߱.. ??: ɽ  Դٰ  https://t.co/xrD4TFVBWk,Fake
149,"??[ ] , ˻޾ ּ!?? ?? Ȯ : ̰ų Ȯڿ    ڷγ19 ǽɵȴٸ ˻ ! ??  : Ÿ α ",Real
150,ϰ ϰ ܿﳪ !? ڷγ19    #ȯ ϰ   #ǰ  ì⼼!??,Real
151,-泲 ɽ б  Ȯ 20 ߰ ( Ȯ   21) ,Real
152,"()??#ڷγ19 ߾ӹ濪å ʺ긮(2020.12.17.) ??12  ڷγ19  Ư м(12.1.~12.16.) ??ε PCR ˻, ΰ Ȯ  ˻ ",Real
153,ũ ǰ ǹȭ! ó  ƴ 츮  ǰ  Դϴ!,Real
154,"?? Ư 濪 ȭġ  ?12 24() 0ú 1 3() 24ñ   ۳ȸ, ȸ,    縦  ּ.  յ ''  ̿ ų  ֽϴ.",Real
155,"??ư ڷγ19  ߻ Ȳȹ  -ưۡ Ա,  ġ ߰ ݸ  ڷγ19 ܰ˻ -Ȯ, ü м ǽϿ  ̷  Ȯ  -10  ưۡ ڷγ19 Ȯ ü ü м  ",Real
156,",  湮ϴ ҿ   ִٴ  ð ũ   ּ.",Real
157,ڷγ19 ࿡ ̱ε ⸧ ã  |  https://news.v.daum.net/v/20210103060251060,Fake
158,̱ ̹ ܿ  ȯڰ  ٰ..,Fake
159,   츮 DNA( ü) ٲٰ      50 и  ̶ Ѵ. ׷ αҸ ϴ   ں19 ̿ؼ  ϴ ̴.,Fake
160,1. ΰ DNA  ̸ ߱Ѵ. 2. ſ ũ Ĩ Ͽ   Ϸ Ѵ.    ſ ع Ͽ ġ  ϴ ̴,Fake
161,Q - ȸ  Ӽ躸Ǳⱸ ڷγ ѻ ΰ ߴ  Żƴ ΰؼ  ˾Ƴ޴- https://youtu.be/x5FxVsEbmY4 ó  @YouTube,Fake
162,ī ڷγ ġԴϱ?,Fake
163,"ٵ ǻ .. Ʈ ڷγ ġ  ŸD ޾Ҵٸ ũ Ź ֽð, ٸ ǰ  ̰ ѵ °  ǰ ٸ ǳ ôµ..???? ",Fake
164,߱ ȭ ߿ Ǽ Ƣ° ڷγ° ȭ?,Fake
165,15и   ݾ ô  ϴ. ̷    Ǵ ٸ Ḧ ø ̷ ĵ Ÿ  ,Fake
166,<ڷγ19   ռҵ ð > .  ϴ #ռҵ?? #Ǿǰ ǥð ִ Ȯϼ̳? . ùٸ ؾ    ֽϴ.??,Real
167,ź ڷγ  ¾ơ̱  ù  https://yna.co.kr/view/AKR20210305034000075?input=tw,Real
168,"̿ü, ⺻ Ű ϰ ̿  ־!<2> ڷγ19 ܰ ӵǰ ִ Ȳ,  ̿ü ̿  ּ 23%̻   ֽϴ.",Real
169,"""ڷγ19, ȭй Ǽ ""  - ƲŸ-̱  Atlanta K https://atlantak.com/%EC%BD%94%EB%A1%9C%EB%82%9819-%EC%83%9D%ED%99%94%ED%95%99%EB%AC%B4%EA%B8%B0-%EC%8B%A4%ED%97%98%EC%8B%A4%EC%84%9C-%EC%9C%A0%EC%B6%9C-%EC%A3%BC%EC%9E%A5/",Fake
170, ڷγ   ٽ  Կħ밡  . ѱ  ÿ ٸ .,Fake
171," ڻ ""ڷγ19 ߰  ! https://twitter.com/SalmonNFSC/status/1389909043955650566",Fake
172,"߱ ""ڷγ ̱ "" ",Fake
173,"ε   ü踦 ϱ   ó , 䰡 ڿ, 쳪, ˴, ()  Ѵ.",Fake
174,ٴ幰 ⿡ ־  ⸦  ڷγ19  ɸ. ,Fake
175,äϸ  ڷγ19  73% ... Դ äڵ ȿ ? https://hidoc.co.kr/healthstory/news/C0000608964,Fake
176,WHO    ̷  ϳ Ĺ̷ ,Fake
177,"ġ ڷγ ΰ  ̸, ΰ ⵶ źϰ ִٰ ϰ ϴ..",Fake
178,"ڷγ̷ 1930 ߿ ó ߰ߵ ?  ߰ߵǾ,  1960뿡 ߰ߵǾ.",Fake
179,   CEPI.ڷγ ̸ ȹѵ 2018 mRNA   ϰ  DNA ð  ϳ׿..,Fake
180,    Ҽ( ϳİ) ڷγ ġѴٴ ̹ ٴ幰 ؼ   ڷγ ġѴٸ,Fake
181,ڷγ ɷ  ״´.  ġ  ˰ ִ.,Fake
182,"ٴϴ    ü.  Ǹŷ 100޷ . Ƶ Ÿ  . DNA  ⼭ ٲ  ӽ  ϵ , ,  ſ  빰 ũί Ȥ . ( ð 14)://m.youtube.com/watch?v=Kjuo9UZMyNU&feature=youtu.be",Fake
183,ڵ Ž   ڷγ.  ̷ ε ̷    ִ´.,Fake
184,4  ڷγ   м; ȭ׷ɰ ȭڻ 100sin    Ȯ - ιƮ  ڻ | ī https://cafe.daum.net/AmenComeJesus/VaL/37360?svc=cafeapi,Fake
185,ä κ ڷγ19   ʴ´ (ó :  .. | α),Fake
186,äڴ ڷγ19 Ȯ  (ó :  .. | α),Fake
187,"ũ ڷγ19 ġ ˾, 񿣳Ҽ Ǿǰũ μ  ˷ Ĺ ..",Fake
188,"ڷγ-19  5G Ʈũ ̴.   ߱ 뵵õ 5G ʷ  õ  ϳ̸, İ ü 鿪ü踦 ıѴٴ . 20 1  ۵Ǿ() ,   .",Fake
189,"@free351 @qqzkF6mV9gSzKMC , ٸ  2   ڷγ Ϲ Դϴ. ŸCìܵ弼.",Fake
190,60 ̻  2  3 ϸ 3 ,Real
191,"ڲٳ 龥ð ȣ鰩  ϰ  ġ ϱ, ̹ƾ ̴ ̵ϽŬη ̰ ͼ . װ δ .!!",Fake
192,https://youmaker.com/video/b30f04b6-fa56-4f91-af27-52381c7e2c88ڷγ ġ Ź ̵ϽŬη[ڹ]youmaker,Fake
193,[Ӻ][]   - ڷγ   Ϲ߻ 20 Ѵ!!! (ó :  .. | α) https://m.blog.naver.com/minji952966/222608187732,Fake
194,ŷҴ  - ź꿰 ' ϰ   ڷγ ġ' Ǿϴ. (ó : ȭ.. | α) https://m.blog.naver.com/funbot/222609548855,Fake
195,þ Ǽ ڷγ ̷ ƴ϶   ׸?,Fake
196,"36  , ν     帶 ",Fake
197,ƽǸ 100̸ 弼. þ Ǻ ǥ. ڷγ ٳ 缱̰.  ȸ 2ָ ġ ٷ ǿ.,Fake
198," ڷγ ġ 0%  ""Ȯ 2 2õ  1"" ó : 鿪 뼮 | α https://m.blog.naver.com/byspoets/222620754539",Fake
199,"ũ   ķ   ҿ ǰ ʿմϴ. Ư, ũ  ʼ̸    ȣ  ũ  ǰ 帳ϴ.",Real
200,ӽźδ ڷγ19    մϴ.,Real
201,"[۷ι潺] Ǽҿ ̿ 뷮л Ŵ ȸ,  , Ŀġ   ",Fake
202,"""ŷҴ   ,  ˷ ڷγ19 õ   ΰ  ȿ뼺    """,Real
203," Ǵ籹: ""ڷγ19  ̻ ȸ   ƴϴ.  ġ ϰڴ""",Real
204,  'ű Ȯ ' ڷγ 糭ڡ3  ߴ,Real
205,ų  츮󿡼 3õ ڰ ߻ϰ ڷγѻ 31 https://t.co/q836fxCJN7,Fake
206, ڷγ 缺..,Fake
207,ڷγ19 Ȯ꿡  ȿ  Դϴ.,Real
208,<<ұݹ >> {츮  ڰ 񰨱⿡ ɸ ڿ   ұݹ ۰  ֽϴ.    츮 κ ׷   ⸦ ̰ܳ ߽ϴ.,Fake
209," ϴ ڷγ , 26Ϻ Ͽ   6ȸ | մ",Real
210,1÷ ѽǿ ۵Ǿ    ִ ҷν Դϴ ,Fake
211, ౸ۿ    ʰ  1~2CM ־ ˻,Real
212,... ̰   𸥰.  ڷγ ̷  Ѵ. ׷ 5G   ξ ŭ https://twitter.com/taemin20101/status/1502427276654178304,Fake
213,"ڿԸ شǴ ڷγ,ҵ,!    ̷ ڸѴ Ŀ Ƴ Ȯ ȴٸ ü     ΰؼ  ľѴ!",Fake
214,"ũ  Ȯ  ̷   ,   ̷ *   1.5    Ȯ߽ϴ.",Real
215,"""ִ ٸ  ũ̳ ȭ  ҿ ڱ ߴ"" http://fntoday.co.kr/news/articleView.html?idxno=271212",Fake
216,"[] Ǫƾ, ""̱ Ÿ ũ̳ ڷγ  ȭй """,Fake
217,????????????? ڷγ ɸ ź ø ȵǴ°?????????????????,Fake
218,ڷγ  ڿ÷ ҵϸ ڷγ  ?,Fake
219,"Ҿ  , ȯ ִ 豺 Ҿ , ڷγ19        ǰ帳ϴ. ",Real
220, ڷγ ɸ ʴ Ȯ ̴  ãƳ´ϴ װ ٷ  ڹͽ д ε~ ,Fake
221,https://m.blog.naver.com/PostView.naver?blogId=oyatt&logNo=222627690752&proxyReferer=   α ڷ῵   α ڷ῵   α ڷ῵,Fake
222,ũ  ȭ       豺  ū 迡 Ǿ ֽϴ.,Real
223,"  2ֵڸ ǳũ  Ÿα,ǿܸũ Ѵٴµ Ÿα ׷ĵ ũȽᵵȴص ٴҵ..",Fake
224,ڷγ  İ  Ǿ  ȫ ٴ  .,Fake
225,"û Ϲ Ƿü ܰ躰  ȯ , غ  4ְ ⸦  Ϲ Ƿü     ü  ȯ ȹԴϴ.",Real
226,"ο ϻ  ũ, ȯ, վı,   ⺻Ģ ؼ,    ӹ, ˻ ġḦ ޴  Ȱȭֽñ ε帳ϴ.",Real
227,ұݹ ̳ ڼô Ͻñ. ڷγ Ȯڿ   ȭ ȿ ִٴ  ִ?,Fake
228,ڷγ ȯ곪  - ѳ ѱ   ϴٰ ɷ  ڷγ  (ڷ  ),Fake
229,"̱ ڷγ  ϶! ȭ ۿ 1200 Ѱ, ̱  ƴ϶ ȭ Ͽ.",Fake
230,ұ ó  ǰϰ ȸ ݴϴ.ڷγ ó   Դϴ.  ұ ǰ ȸϴ  ο ȸ ˴ϴ. ұ ƴϰ  ұ̶ ϴٴ Դϴ. #????????????? #Ʈδ̾Ƹ @sukunet_915 @kyossan_624,Fake
231, ڷγ ȯڿ  ־ ɸ ʾҾ. ұݹ ڼô ȿ ־.,Fake
232,"ǳ ũ  ǹ ö ؼֽñ ٶϴ ǳ ๰ δ  ýáڡװ,Ÿ   ۼ ǳ 쵵 մϴ ",Real
233,"  Ƿ  Ʈ CDS(̻ȭҼ 񼮾:Chroline Dioxide Solution),ڷγ ̷ Ѵٰ. õϿ õ  50%̻. ̷ ġ, ص ũ ⿩մϴ. Ʒ α ϼ ~ https://m.blog.naver.com/sennowmail/222724428072",Fake
234,ȸ ڿ Ը Ȯ    򰡸  5   Ը ü缺 翡 մϴ.,Real
235,"  ڿ 鿪 ȿ  Ⱓ Ͽ,  Ŀ   ݿ    ǰ帳ϴ. ",Real
236,"ڷγ19 ȸ ǥ  ٰ, mRNA    ߻ ɳ 'ΰ ' մϴ.",Real
237,"   ! ǿ ũ   ̵  ! ʿ ȭ ϱ  ǥ  ! ũ, ȸ 尩 ϱ  Ͱ Ŀ ! ϰ  ı",Real
238,"""80 ̻  2  1 4 Ϸ!""",Real
239,"ֱ ڷγ19   80 ̻ 52.8%, 4  ȯ ߻ 3 մϴ.",Real
240,"ڷγ19 ü缺  * ũ   ñ⿡  ڰ þ  ȮϿϴ. * ΰǰ  1,612 ",Real
241,"̽  , 4  ̻ Ƿΰ,   3 ϸ  ̻ ټϴ.  ȣ  4  ּ!",Real
242,ڷγ19  ȭ      ȿ̰ ߿ Դϴ. ,Real
243, !!! ɷȾ  ġҰ!! ̵Ͻ. ̹ƾ. Ÿ c.d !!!!,Fake
244,ΰ ڷγ ȿ¾  鿬¶߷  ȸ ִ̻ ȸ ִ ȣ ѱ ̷ŰϷ ±,Fake
245,ڷγ ĵǴϱ 5G  ~~~,Fake
246," ֺ ڷγ ɷȴٴ   .   ұݹ ڼô  Ͻñ.  ڷγ ɷȴ ڼô ϸ  Ȱٴ  ,   Ͻñ. ŽŴ.",Fake
247,"ȸ  ڷγ19 ü缺 硹 ڷγ19 ü    ü()  ϸ, 1    2, 3   ڿ   ߱縦 ǽ ȹԴϴ.",Real
248,"ڷγ ̷  ġ ̸, ̹ƾ ġ޾  Ǿٰ ϰ ִ. ",Fake
249,"߾ӹ濪åδ Ա  ˻縦  Ȯڸ ⿡ ߰ϸ,  ̷ ϰ ֽϴ. ",Real
250,"ڷγ19 ž ȸ   , ɱٿ 22 3, ɳ 22 5  Ͽ , , Ͻú ϰ ֽϴ.",Real
251,ȭ CEO ڽ  ⸧() ȱ  ڷγ  ϰ ִ,Fake
252,"9 26() ǿ ũ  ǹ Ǿ ̴ ·ᰡ ΰǴ ġ   , ǿ ũ  ʿ ǹϴ  ƴմϴ.",Real
253,ũ   ⺻̰ ȿ   WHO  ؿ Ǳⱸ ڷγ19 豺  ȥ⡤  ũ  ǰϰ ֽϴ.,Real
254,"ǿ ũ  ǹ  ǿ ũ  ǹ ϰ,   õ  ǿ ũ  ǰմϴ.('22. 9. 26. ~)",Real
255,2   ź BA.4/5 ̷  1.69  ȿ ̰ ֽϴ. 鿪   ǰ    Ź帳ϴ.,Real
256,"- ߿  ȣ   ,   Ƿ 湮Ͽ  Ḧ ñ ٶϴ. -",Real
257,"-   ī  - ? ڴ ,        밭ȭ  å   ? ǽ",Real
258,"ڷγ19 Ȯ,  ȯ,  Ȳ   Ȳ       ۼǰ , ڷγ19     ֽϴ.",Real
259,1. չٴڰ չٴ    ݴϴ 2. յ չٴ    ݴϴ 3. ձ   ݴϴ 4. հ    ݴϴ 5.  հ ָ  ݴϴ 6.   ϰ  ݴϴ,Real
260,û ũ پ    ü м Ȯ밡 䱸Ǵ Ȳ  ȿ ű  ΰ м ü鿡  뿪 Ȯ Խϴ.,Real
261," 2022 11 21Ϻʹ ź Ͽ ǿ   ̵ Ͽ ٷ Ͻ  ְ,  մϴ.",Real
262,"ڷγ ̷ ƴ϶ 5G ̴. 2 Corona is not a virus, but a 5G harmful electromagnetic wave. Part 2",Fake
263, (Disease X)   ó   ߻ ϱ  Ʒ ǽ û ڷγ19  ߻  ̷ ҵ   Ȳ   Բ   ڽϴ.,Real
264, Ŀġ ڻ Ŀ  ε   ߴ.      Ӵ ̷ ĸ   ֱ⶧  ¾ƾ Ѵٰ  97%   ӵƴ.,Fake
265,"ڷγ19 ܿö  ÷翣  پ ȣȯ  ɼ  ŭ, 2  ֺ 2  ̻ Ϸ 12~17 ûҳ Ȯմϴ.",Real
266,"6  м ó,  ̿  ڷγ19 , پ  ȮΡ ҵݻ(UDCA)(ǰ '') ڷγ̷ ü ħϴ  ACE2 ü  ݾ  .",Real
267,"PCR ׽Ʈ  η 뺧  ɸ ָڻ, PCR м     ̷  ϴ  ƴϴ  ߴ",Fake
268,߱ ȭͰ 24ð ưϴ. ߱ 50 ڷγ ġ 3и ǰԴϴ. ߱ε  ϱ Դϴ.,Fake
269,?ȯ      Ȯ   ڷγ19 Ȯwk      迡 ΰ Ȯ   Ǹ     ,Real
270," ڷγ19 ߰, 2 ?? ?  ִ 56%  ?Կ  ִ 83%  ?ڷγ19  ɱٰ,  ߻ 58%  ?̻ Ű    1/10 ",Real
271,Ա ġ  Ա  Ա  1 ̳ PCR ˻ (1.2.~) ߱ ؿ Ȯ ݸ  ȭ,Real
272,"Ա  ߱   ܱ  ߱ (1.2.~1.31.) ߱  װ Ϻ , ߰    Աڿ  Ա ˻ (1.5.~2.28.) ˿Է½ý(Q-CODE) ̿ ǹȭ",Real
273," 2022 12 31  Ƿ ü û Ǽ 94% Ͽ, 2023 1  Ϸ ȹԴϴ.",Real
274,װ ƽó? ȯ⸸  ѵ ȣ   մϴ!,Real
275,"߱ ڷγ Ȯ ȭ  Ÿ ޽  ڷγ 5G   ̴. ڷγ , ̸, , ޽ 5G     ŷȣϷ  ȴ. https://youtu.be/0GN8t2u3flc",Fake
276,"߱ Ա ΰ ü ܱο  Ա  ˻  ü ̷ , ˻   (1.11.) ǥ Դϴ. ",Real
277,̼  ּ ! #õ ڷγ ܵ mbti  #ǿ # ̱ #Ʈ,Fake
278,߱  ް  ڷγ 6  ,Real
279,ڷγ  ڷγ   ǰ Ѵ,Fake
280,5G ļ ̸ 츮  鿪    Ȱ   (ڷγ   Ȱ) ̷  https://gall.dcinside.com/mgallery/board/view/?id=uspolitics&no=611388,Fake
281," Ǻ, ڰ ũ  ̿  Ǳ ١ - Ƿ  http://conspiracynews.co.kr/?p=20242",Fake
282,[Ӻ]  Ѹ 30Ϻ ǳ ũ ǹ ǰ ȭ,Real
283,ֱ ȯ ʿ伺 ȣ    ùٸ ȯ ˷帳ϴ?? ?ֱ ȯ ʿ伺 ?â Ȱ ڿȯ  ?ȯġ  ȯ  ?û ȿ,Real
284, ħ    ϰ    ȿ Ⱓ ſ ªٴ  ϴ,Fake
285,̹ ҵ    ũ ̷   ϰ  ũ   ջ ´ٴ  .,Fake
286,׷ WHO CDC ׸ 濪籹 ũ ȭ     ϱ ؼ. https://n.news.naver.com/mnews/article/016/0002094711?sid=102,Fake
287,"δ ǳ ũ  ǹ  (22.12.23.) ,  濪 Ȳ  Ͽ ǹ  (1.20.)Ͽϴ. ",Real
288,"ڷγ19  豺 ų  , Ϲ  ų   ϴ  ̱ FDA ǥ ̸, 츮    ƴմϴ.",Real
289,"ȭ ߿, ȭڴ ڷγ  ȹ  ϰ ִ١ - Ƿ  http://conspiracynews.co.kr/?p=20341",Fake
290,"1 30() ǳ ũ ǹ ˴ϴ. ?ǳ ũ  ǹ ǰ ȯϵ, Ƿ?߱   ǹ  ?ǽ ߻ , 3(, , ) ȯ   ǰ",Real
291,"[1] WHO, ڷγ19 ߺ    https://yna.co.kr/view/AKR20230130146700088?input=tw",Real
292,"<ǳ ũ  ǹ ü> ?ü  Լ ü ?Ƿ  ౹ ?, ö  ߱",Real
293," (4 ƿ, , ) հ Բ 鿪 3ѻ~!! (ڷγ19,  õ ׻ȭ, õ ׻, ׿ )𽬵 ̿Ʈ ı ",Fake
294,1 30Ϻ ʼ ü  ǳ ũ  ǹ ǰ ȯǾϴ.,Real
295, 1ȸ     7% ö󰣴:   м,Fake
296,ڴʰ ַ    ũ ڷγ 濡  Ǵ  ȿ ٴ ֽ  Ұϰ ֽϴ.,Fake
297,@moonriver365 @GH_PARK @cheolsoo0919 https://youtu.be/eNvhaUCtjHU https://youtu.be/ZdWm99s3sOY https://youtu.be/UwgPdCT8A_8 5G ڷγ ɸ ³ Use 5G got corona is right. زڰ  5G Tormenter made 5G,Fake
298,2023 û ֿ å   + ڷγ19   ǿ   Ȱ Ȯ + ǻ  ûμ Ұ  Ȯ + ۷ι Ƿ  ϴ ,Real
299,ڷγ  αⰡ   ȸ WHO ٸ   Ȱ;Ѵ     WHO ű    ϰ Ǿ ڰڴ,Fake
300,"2010 ɽ ȭ  ڷγ  ÷ ""ڷγ̷  ÷    ȹ """,Fake
301,"?Ģ1. ڷγ19  ϱ ?Ģ2.  ,   ũ  ?Ģ3. 30 ̻ ùٸ  ı, ħ  ʼҸŷ! ?Ģ4. 1 3ȸ(ȸ 10) ̻ ȯ,    ǥ 1 1ȸ ̻ ҵ ?Ģ5. ڷγ19  ߻  ް  ӹ, ٸ   ּȭ",Real
302,ѿ ڷγ   ī ϰ Ȱ  Ÿ 5G ߰Ⱑ  ,Fake
303,"ǳ ũ  ǹ  Ŀ ڷγ19   Ȳ ӵǰ ֽϴ.  ð   鿪 ϰ, ü Ȯ   ߵ   ȭ ټ  ȲԴϴ.",Real
304,ڷγ19     м  'ΰǰ÷' 'ǰ Ѵ '  Ȯ   ֽϴ.(4 ߰ ),Real
305,"ǰ ϻ  濪  ? ϱ! ?  ũ ! ? ȯϰ, ֱ ҵϱ! ?30 ̻ 񴩷 վı! ϰ ǰ ϻ  濪  ! ּ",Real
306,"߱  Ȯ     ҿ   Ȯ, Ա  ˻ 缺 ϶  ߱ ڷγ19 Ȳ ȭ  Ǵܵ˴ϴ.",Real
307,"???""ûԴϴ. ڷγ19 ڰ  Ĵ翡 湮  Ȯε 濪 50   Դϴ!""",Fake
308,"ɽ,     ڷγ19 ü 30  ȭ  ǽ",Real
309,ڷγ19 簨 豺  ġԴϴ.,Real
310, ϰ ڷγ19 Ǹ Կ  ũ ϰ    ߻  ֽϴ.,Real
311,??ڷγ19  ܱ   ˷帳ϴ. ?: 6~4   ?: 8(56)  3ȸ ,Real
312,"Ȳ  Ǹ鼭    ܰ Ŀ    ִ ŭ,     ϻ ü ȯ ϰڽϴ.",Real
313,ڷγ19  ܰ   ϻȸ   (3.3..ʺ긮),Real
314, ڷγ19  ܰ  ȹ ?ڷγ19 Ȯ ҿ  Կ   Ϲȯ ġῡ  Ȱ  ,Real
